{"stats":{"minecraft:picked_up":{"secretroomsport:mimic_block":30},"minecraft:mined":{"secretroomsport:mimic_block":30},"minecraft:used":{"minecraft:oak_log":9,"minecraft:birch_wood":1,"minecraft:reinforced_deepslate":1,"minecraft:sand":9,"minecraft:cobbled_deepslate_stairs":2,"minecraft:stripped_oak_wood":1,"secretroomsport:mimic_block":195},"minecraft:custom":{"minecraft:jump":57,"minecraft:time_since_rest":16937,"minecraft:crouch_one_cm":423,"minecraft:leave_game":13,"minecraft:play_time":16937,"minecraft:sprint_one_cm":7695,"minecraft:time_since_death":16937,"minecraft:walk_one_cm":54484,"minecraft:sneak_time":329,"minecraft:total_world_time":43003,"minecraft:fly_one_cm":4598}},"DataVersion":3465}